gene,cell,phenotype,true_label,pred_rf_raw,pred_ensemble
Uros,NG2-3112 mouse glioblastoma cells,decreased sensitivity to gliocidin and subsequently glioblastoma cell survival,1,0.7743919067106566,0.9019664466278756
Mitd1,NG2-3112 mouse glioblastoma cells,increased sensitivity to gliocidin and subsequently glioblastoma cell death,1,0.0591863758114021,0.03727577713622798
Ppih,NG2-3112 mouse glioblastoma cells,increased sensitivity to gliocidin and subsequently glioblastoma cell death,0,0.08111453054489733,0.052140399015424874
Mrps15,NG2-3112 mouse glioblastoma cells,increased sensitivity to gliocidin and subsequently glioblastoma cell death,0,0.009632193086131691,0.017255029650680036
Ccdc86,NG2-3112 mouse glioblastoma cells,increased sensitivity to gliocidin and subsequently glioblastoma cell death,0,0.06964213070296174,0.059655031178815696
Brix1,NG2-3112 mouse glioblastoma cells,decreased sensitivity to gliocidin and subsequently glioblastoma cell survival,1,0.908253653770914,0.9491144731505357
Eif2s2,NG2-3112 mouse glioblastoma cells,increased sensitivity to gliocidin and subsequently glioblastoma cell death,0,0.06910941714925906,0.045298683562927294
Txnrd1,NG2-3112 mouse glioblastoma cells,increased sensitivity to gliocidin and subsequently glioblastoma cell death,0,0.0593110637841489,0.04573286824855043
Nup133,NG2-3112 mouse glioblastoma cells,increased sensitivity to gliocidin and subsequently glioblastoma cell death,0,0.07777146281395891,0.04775320765808088
Wdr77,NG2-3112 mouse glioblastoma cells,increased sensitivity to gliocidin and subsequently glioblastoma cell death,0,0.04898182883639098,0.056682599291639324
Eif3e,NG2-3112 mouse glioblastoma cells,decreased sensitivity to gliocidin and subsequently glioblastoma cell survival,1,0.9709799123728873,0.9725291436372204
Mios,NG2-3112 mouse glioblastoma cells,increased sensitivity to gliocidin and subsequently glioblastoma cell death,0,0.16385110540509953,0.1540716960041059
Lpgat1,NG2-3112 mouse glioblastoma cells,decreased sensitivity to gliocidin and subsequently glioblastoma cell survival,0,0.9009316441592362,0.9556957029148114
Ppp4r2,NG2-3112 mouse glioblastoma cells,decreased sensitivity to gliocidin and subsequently glioblastoma cell survival,1,0.9601602778653503,0.9483101161226604
Pgk1,NG2-3112 mouse glioblastoma cells,increased sensitivity to gliocidin and subsequently glioblastoma cell death,0,0.1487178836575068,0.08583240237909753
Ppcs,NG2-3112 mouse glioblastoma cells,decreased sensitivity to gliocidin and subsequently glioblastoma cell survival,1,0.8974885298373136,0.9354155597084748
Rpl7l1,NG2-3112 mouse glioblastoma cells,increased sensitivity to gliocidin and subsequently glioblastoma cell death,0,0.04289394331163421,0.028705095607382294
Wdr18,NG2-3112 mouse glioblastoma cells,increased sensitivity to gliocidin and subsequently glioblastoma cell death,0,0.03958612228228873,0.03270057772785768
Cpox,NG2-3112 mouse glioblastoma cells,increased sensitivity to gliocidin and subsequently glioblastoma cell death,0,0.11958189900580807,0.07738726885249227
Ppp1r8,NG2-3112 mouse glioblastoma cells,decreased sensitivity to gliocidin and subsequently glioblastoma cell survival,1,0.8676826960709403,0.9022009527638509
Map3k15,NG2-3112 mouse glioblastoma cells,increased sensitivity to gliocidin and subsequently glioblastoma cell death,0,0.08811226453839441,0.06038976158451427
Exosc3,NG2-3112 mouse glioblastoma cells,decreased sensitivity to gliocidin and subsequently glioblastoma cell survival,1,0.947299129627896,0.9659231449503135
Eif3m,NG2-3112 mouse glioblastoma cells,increased sensitivity to gliocidin and subsequently glioblastoma cell death,0,0.02968618458117613,0.029003470187973307
Aldoa,NG2-3112 mouse glioblastoma cells,decreased sensitivity to gliocidin and subsequently glioblastoma cell survival,1,0.9010222776796453,0.9395143117994806
Vps11,NG2-3112 mouse glioblastoma cells,decreased sensitivity to gliocidin and subsequently glioblastoma cell survival,1,0.8798137977346282,0.9126913895087782
Nek8,NG2-3112 mouse glioblastoma cells,decreased sensitivity to gliocidin and subsequently glioblastoma cell survival,1,0.9171566256601212,0.9485320818262809
Mrpl12,NG2-3112 mouse glioblastoma cells,decreased sensitivity to gliocidin and subsequently glioblastoma cell survival,1,0.9910613966781991,0.98405115103243
Fanca,NG2-3112 mouse glioblastoma cells,increased sensitivity to gliocidin and subsequently glioblastoma cell death,0,0.20856259850517708,0.1145087214486741
Rpl30,NG2-3112 mouse glioblastoma cells,decreased sensitivity to gliocidin and subsequently glioblastoma cell survival,1,0.9773942097676688,0.9763220211122761
Yae1d1,NG2-3112 mouse glioblastoma cells,decreased sensitivity to gliocidin and subsequently glioblastoma cell survival,1,0.9078482883183219,0.9337340421770399
Urod,NG2-3112 mouse glioblastoma cells,increased sensitivity to gliocidin and subsequently glioblastoma cell death,0,0.16767893036722875,0.09162523255882954
Top1,3LL Lewis lung carcinoma cells,increased resistance to PD1 blockade and lung carcinoma cell survival,1,0.9691903612842135,0.9662151885383954
Rpl14,NG2-3112 mouse glioblastoma cells,increased sensitivity to gliocidin and subsequently glioblastoma cell death,0,0.019512334919374336,0.023198699556525603
Serpine1,NG2-3112 mouse glioblastoma cells,increased sensitivity to gliocidin and subsequently glioblastoma cell death,0,0.07900996617764271,0.06740903711940992
Rplp0,NG2-3112 mouse glioblastoma cells,decreased sensitivity to gliocidin and subsequently glioblastoma cell survival,1,0.9909065185987004,0.9834043867956491
Ddx47,NG2-3112 mouse glioblastoma cells,increased sensitivity to gliocidin and subsequently glioblastoma cell death,0,0.061122088060885094,0.04511997999145782
Rsl24d1,NG2-3112 mouse glioblastoma cells,decreased sensitivity to gliocidin and subsequently glioblastoma cell survival,1,0.9066337870263657,0.8761867457981511
Mrps18b,NG2-3112 mouse glioblastoma cells,increased sensitivity to gliocidin and subsequently glioblastoma cell death,0,0.04028674600533743,0.029477219892666547
Rpl6,NG2-3112 mouse glioblastoma cells,decreased sensitivity to gliocidin and subsequently glioblastoma cell survival,1,0.9599887835129965,0.9724466117213862
Ppp1r10,NG2-3112 mouse glioblastoma cells,decreased sensitivity to gliocidin and subsequently glioblastoma cell survival,1,0.9286294175443623,0.9532470138093687
Rest,NG2-3112 mouse glioblastoma cells,decreased sensitivity to gliocidin and subsequently glioblastoma cell survival,0,0.829011724460031,0.9247941512167039
Parn,NG2-3112 mouse glioblastoma cells,increased sensitivity to gliocidin and subsequently glioblastoma cell death,0,0.14331075089353504,0.06841738383467223
Rpl32,NG2-3112 mouse glioblastoma cells,increased sensitivity to gliocidin and subsequently glioblastoma cell death,0,0.029411529425058557,0.02252320863679577
Ints5,NG2-3112 mouse glioblastoma cells,increased sensitivity to gliocidin and subsequently glioblastoma cell death,0,0.06909742955866262,0.06261869991726789
Umps,NG2-3112 mouse glioblastoma cells,increased sensitivity to gliocidin and subsequently glioblastoma cell death,0,0.09886579678343382,0.06746291720757595
Rrm2,NG2-3112 mouse glioblastoma cells,increased sensitivity to gliocidin and subsequently glioblastoma cell death,1,0.039270882576142065,0.037805482273363396
Tpi1,NG2-3112 mouse glioblastoma cells,decreased sensitivity to gliocidin and subsequently glioblastoma cell survival,1,0.9761312661778707,0.9673851108784243
Ogdh,NG2-3112 mouse glioblastoma cells,increased sensitivity to gliocidin and subsequently glioblastoma cell death,0,0.12517177565320486,0.07589518453046383
Cycs,NG2-3112 mouse glioblastoma cells,decreased sensitivity to gliocidin and subsequently glioblastoma cell survival,1,0.8814781265858238,0.9370433412907732
Ssrp1,NG2-3112 mouse glioblastoma cells,increased sensitivity to gliocidin and subsequently glioblastoma cell death,0,0.03953061683220937,0.033848098246461525
Jak1,3LL Lewis lung carcinoma cells,decreased resistance to PD1 blockade and lung carcinoma cell death,0,0.15165870317879376,0.10482899282234034
Nup98,NG2-3112 mouse glioblastoma cells,increased sensitivity to gliocidin and subsequently glioblastoma cell death,0,0.1016584879286209,0.07375670178460314
Mrps28,NG2-3112 mouse glioblastoma cells,increased sensitivity to gliocidin and subsequently glioblastoma cell death,0,0.020291142999840583,0.023442632901809153
Rpl18,NG2-3112 mouse glioblastoma cells,decreased sensitivity to gliocidin and subsequently glioblastoma cell survival,1,0.6966898536858446,0.6093918693778178
Sdhc,NG2-3112 mouse glioblastoma cells,increased sensitivity to gliocidin and subsequently glioblastoma cell death,0,0.16713694308009808,0.08183471479618705
Cyp51,NG2-3112 mouse glioblastoma cells,decreased sensitivity to gliocidin and subsequently glioblastoma cell survival,0,0.9310436943915801,0.9486108844503311
Ndrg3,NG2-3112 mouse glioblastoma cells,decreased sensitivity to gliocidin and subsequently glioblastoma cell survival,1,0.8889761868938728,0.9383356862951184
Gnl3l,NG2-3112 mouse glioblastoma cells,increased sensitivity to gliocidin and subsequently glioblastoma cell death,0,0.11564790378324091,0.07317504594126428
Nmnat1,NG2-3112 mouse glioblastoma cells,increased sensitivity to gliocidin and subsequently glioblastoma cell death,0,0.08279077967438692,0.055986784659913816
Ddx18,NG2-3112 mouse glioblastoma cells,decreased sensitivity to gliocidin and subsequently glioblastoma cell survival,1,0.9312024028639123,0.9342098916998105
Huwe1,NG2-3112 mouse glioblastoma cells,increased sensitivity to gliocidin and subsequently glioblastoma cell death,1,0.20719671144529694,0.1333713082992405
Mrpl16,NG2-3112 mouse glioblastoma cells,decreased sensitivity to gliocidin and subsequently glioblastoma cell survival,1,0.9905778799240444,0.9823255298368482
Prdm10,NG2-3112 mouse glioblastoma cells,decreased sensitivity to gliocidin and subsequently glioblastoma cell survival,1,0.9474098922518359,0.9266110976998975
Gatad2a,NG2-3112 mouse glioblastoma cells,increased sensitivity to gliocidin and subsequently glioblastoma cell death,0,0.10936505051963002,0.07242408991747996
Sox10,NG2-3112 mouse glioblastoma cells,increased sensitivity to gliocidin and subsequently glioblastoma cell death,0,0.14343594855114927,0.10338965405873436
Ss18,NG2-3112 mouse glioblastoma cells,increased sensitivity to gliocidin and subsequently glioblastoma cell death,0,0.09894619847544678,0.06516210001722707
Dynlrb1,NG2-3112 mouse glioblastoma cells,decreased sensitivity to gliocidin and subsequently glioblastoma cell survival,1,0.8717468209723468,0.9212078511478244
Mrpl15,NG2-3112 mouse glioblastoma cells,increased sensitivity to gliocidin and subsequently glioblastoma cell death,0,0.04918346639909072,0.02909396141149806
Aadac,NG2-3112 mouse glioblastoma cells,decreased sensitivity to gliocidin and subsequently glioblastoma cell survival,0,0.9202080776275978,0.9566253082169893
Acat2,NG2-3112 mouse glioblastoma cells,decreased sensitivity to gliocidin and subsequently glioblastoma cell survival,1,0.9209744369658205,0.9442033722832699
Tcea1,NG2-3112 mouse glioblastoma cells,increased sensitivity to gliocidin and subsequently glioblastoma cell death,0,0.03925226720207944,0.04165045508385044
Sod2,NG2-3112 mouse glioblastoma cells,increased sensitivity to gliocidin and subsequently glioblastoma cell death,0,0.14024926521790837,0.1250273156068434
Mcat,NG2-3112 mouse glioblastoma cells,decreased sensitivity to gliocidin and subsequently glioblastoma cell survival,1,0.9343299593191827,0.9519720719453988
Cadm1,NG2-3112 mouse glioblastoma cells,decreased sensitivity to gliocidin and subsequently glioblastoma cell survival,0,0.9711792435265016,0.9780690856815875
Pga5,NG2-3112 mouse glioblastoma cells,decreased sensitivity to gliocidin and subsequently glioblastoma cell survival,1,0.8622075880142123,0.915639839328922
Mrpl39,NG2-3112 mouse glioblastoma cells,decreased sensitivity to gliocidin and subsequently glioblastoma cell survival,1,0.9713764666696058,0.9711014193668872
Mrps17,NG2-3112 mouse glioblastoma cells,increased sensitivity to gliocidin and subsequently glioblastoma cell death,0,0.04278498951946394,0.028388309920755698
Smc5,NG2-3112 mouse glioblastoma cells,decreased sensitivity to gliocidin and subsequently glioblastoma cell survival,1,0.9316266589046533,0.9550738870590005
Usp22,NG2-3112 mouse glioblastoma cells,increased sensitivity to gliocidin and subsequently glioblastoma cell death,0,0.0796220549678307,0.05732153230015066
Syncrip,NG2-3112 mouse glioblastoma cells,decreased sensitivity to gliocidin and subsequently glioblastoma cell survival,1,0.8811850926323125,0.856791986469238
Gtf2f1,NG2-3112 mouse glioblastoma cells,increased sensitivity to gliocidin and subsequently glioblastoma cell death,0,0.04868143770544566,0.04561600727356668
Rpl19,NG2-3112 mouse glioblastoma cells,decreased sensitivity to gliocidin and subsequently glioblastoma cell survival,1,0.9688691423922714,0.9683041791050198
Smg7,NG2-3112 mouse glioblastoma cells,decreased sensitivity to gliocidin and subsequently glioblastoma cell survival,0,0.9611336630833485,0.9702426351650615
Top2a,NG2-3112 mouse glioblastoma cells,increased sensitivity to gliocidin and subsequently glioblastoma cell death,0,0.09924907624841485,0.05864420431995319
Foxk2,NG2-3112 mouse glioblastoma cells,increased sensitivity to gliocidin and subsequently glioblastoma cell death,0,0.08051883419590325,0.0629836883936091
Sf3b5,NG2-3112 mouse glioblastoma cells,decreased sensitivity to gliocidin and subsequently glioblastoma cell survival,0,0.969503158274105,0.9671742874650716
Nars2,NG2-3112 mouse glioblastoma cells,increased sensitivity to gliocidin and subsequently glioblastoma cell death,0,0.05890621980218048,0.041844483592823174
Tufm,NG2-3112 mouse glioblastoma cells,decreased sensitivity to gliocidin and subsequently glioblastoma cell survival,1,0.8817012538399794,0.9200525726848617
Prpf19,NG2-3112 mouse glioblastoma cells,increased sensitivity to gliocidin and subsequently glioblastoma cell death,0,0.10969147940743941,0.08168677609330072
Sufu,3LL Lewis lung carcinoma cells,increased resistance to PD1 blockade and lung carcinoma cell survival,1,0.8191883232749491,0.8699474838343241
Imp3,NG2-3112 mouse glioblastoma cells,decreased sensitivity to gliocidin and subsequently glioblastoma cell survival,1,0.9389420739147408,0.9543205286870557
Hsd17b10,NG2-3112 mouse glioblastoma cells,decreased sensitivity to gliocidin and subsequently glioblastoma cell survival,1,0.9377320261115307,0.9534166793423882
Wars2,NG2-3112 mouse glioblastoma cells,decreased sensitivity to gliocidin and subsequently glioblastoma cell survival,1,0.8503607818340287,0.915849181597488
Nxf1,NG2-3112 mouse glioblastoma cells,increased sensitivity to gliocidin and subsequently glioblastoma cell death,0,0.07118321906818109,0.05400460323267273
C4b,NG2-3112 mouse glioblastoma cells,increased sensitivity to gliocidin and subsequently glioblastoma cell death,0,0.13887349409297914,0.12221693237343222
Cdk4,NG2-3112 mouse glioblastoma cells,increased sensitivity to gliocidin and subsequently glioblastoma cell death,0,0.17177771867739222,0.09797064994590317
Polr3h,NG2-3112 mouse glioblastoma cells,increased sensitivity to gliocidin and subsequently glioblastoma cell death,0,0.049095924970157405,0.034824935345642134
Mpi,NG2-3112 mouse glioblastoma cells,decreased sensitivity to gliocidin and subsequently glioblastoma cell survival,1,0.9181358411684716,0.9529835004659953
Gm13057,NG2-3112 mouse glioblastoma cells,decreased sensitivity to gliocidin and subsequently glioblastoma cell survival,1,0.8974705955088723,0.9278226874716201
Itga6,NG2-3112 mouse glioblastoma cells,increased sensitivity to gliocidin and subsequently glioblastoma cell death,0,0.05813578512678148,0.05806367899828832
Lonp1,NG2-3112 mouse glioblastoma cells,increased sensitivity to gliocidin and subsequently glioblastoma cell death,0,0.11531106906527792,0.11772398381404084
Smc1a,NG2-3112 mouse glioblastoma cells,decreased sensitivity to gliocidin and subsequently glioblastoma cell survival,1,0.8625147306121286,0.9150625431336649
Ndufaf1,NG2-3112 mouse glioblastoma cells,increased sensitivity to gliocidin and subsequently glioblastoma cell death,0,0.07962720417554761,0.04470879056379108
Ipo11,NG2-3112 mouse glioblastoma cells,decreased sensitivity to gliocidin and subsequently glioblastoma cell survival,1,0.9417677456284317,0.9472368029381328
Atp1a1,NG2-3112 mouse glioblastoma cells,increased sensitivity to gliocidin and subsequently glioblastoma cell death,0,0.0713361344307634,0.04196251883754902
Fh1,NG2-3112 mouse glioblastoma cells,increased sensitivity to gliocidin and subsequently glioblastoma cell death,0,0.0585491236178531,0.05303008648780566
Cpox,NG2-3112 mouse glioblastoma cells,decreased sensitivity to gliocidin and subsequently glioblastoma cell survival,1,0.8774210219062235,0.9289269903715617
Ndrg3,NG2-3112 mouse glioblastoma cells,increased sensitivity to gliocidin and subsequently glioblastoma cell death,0,0.1110023548570833,0.06336926561561687
Gtpbp4,NG2-3112 mouse glioblastoma cells,decreased sensitivity to gliocidin and subsequently glioblastoma cell survival,1,0.8794127439383146,0.9405193499050407
Rabggtb,NG2-3112 mouse glioblastoma cells,increased sensitivity to gliocidin and subsequently glioblastoma cell death,0,0.15783240703747967,0.14371422293951466
Alg11,NG2-3112 mouse glioblastoma cells,decreased sensitivity to gliocidin and subsequently glioblastoma cell survival,1,0.9381640828895231,0.940594129565073
Magoh,NG2-3112 mouse glioblastoma cells,increased sensitivity to gliocidin and subsequently glioblastoma cell death,0,0.22670670521094105,0.12000948813807245
Upf1,NG2-3112 mouse glioblastoma cells,increased sensitivity to gliocidin and subsequently glioblastoma cell death,1,0.16095204995850917,0.104204772404591
Mrpl3,NG2-3112 mouse glioblastoma cells,increased sensitivity to gliocidin and subsequently glioblastoma cell death,0,0.009687400603794147,0.01801750015112647
Cdkn2a,NG2-3112 mouse glioblastoma cells,increased sensitivity to gliocidin and subsequently glioblastoma cell death,0,0.1811053151110233,0.09625022706031856
Kdm2a,NG2-3112 mouse glioblastoma cells,decreased sensitivity to gliocidin and subsequently glioblastoma cell survival,1,0.8618934106162809,0.9246423557444479
Fdxr,NG2-3112 mouse glioblastoma cells,increased sensitivity to gliocidin and subsequently glioblastoma cell death,0,0.07997479795946182,0.05855369036550688
Uqcc2,NG2-3112 mouse glioblastoma cells,decreased sensitivity to gliocidin and subsequently glioblastoma cell survival,1,0.9009697574978786,0.9480273489566768
Mfap1b,NG2-3112 mouse glioblastoma cells,decreased sensitivity to gliocidin and subsequently glioblastoma cell survival,1,0.9113564447991693,0.9430575108717809
Ankrd52,NG2-3112 mouse glioblastoma cells,increased sensitivity to gliocidin and subsequently glioblastoma cell death,0,0.04324392299368684,0.037788906418608284
Gm17019,NG2-3112 mouse glioblastoma cells,decreased sensitivity to gliocidin and subsequently glioblastoma cell survival,1,0.9410211609737196,0.9501871610151142
Zc3h7b,NG2-3112 mouse glioblastoma cells,increased sensitivity to gliocidin and subsequently glioblastoma cell death,1,0.13838047922899974,0.096492665208073
Ezh2,NG2-3112 mouse glioblastoma cells,decreased sensitivity to gliocidin and subsequently glioblastoma cell survival,0,0.8713636321304753,0.8800262466388002
Psmd13,NG2-3112 mouse glioblastoma cells,increased sensitivity to gliocidin and subsequently glioblastoma cell death,0,0.07264907158847343,0.04845108440380972
Rps27rt,NG2-3112 mouse glioblastoma cells,increased sensitivity to gliocidin and subsequently glioblastoma cell death,0,0.030446138724155327,0.03937349373097655
Wdr75,NG2-3112 mouse glioblastoma cells,decreased sensitivity to gliocidin and subsequently glioblastoma cell survival,1,0.9012762285740723,0.9296878170325109
Nudc,NG2-3112 mouse glioblastoma cells,decreased sensitivity to gliocidin and subsequently glioblastoma cell survival,1,0.8976388581486664,0.9295666796241557
Mrpl49,NG2-3112 mouse glioblastoma cells,decreased sensitivity to gliocidin and subsequently glioblastoma cell survival,1,0.9875642877258981,0.9813425837572828
Gramd4,NG2-3112 mouse glioblastoma cells,increased sensitivity to gliocidin and subsequently glioblastoma cell death,0,0.06154099075670252,0.04491235546458179
Rmnd5a,NG2-3112 mouse glioblastoma cells,decreased sensitivity to gliocidin and subsequently glioblastoma cell survival,0,0.870755051934013,0.9384845656569565
Ddx21,NG2-3112 mouse glioblastoma cells,increased sensitivity to gliocidin and subsequently glioblastoma cell death,0,0.009517176267891742,0.02113971878102748
Ranbp9,NG2-3112 mouse glioblastoma cells,increased sensitivity to gliocidin and subsequently glioblastoma cell death,1,0.06895881711284449,0.040779753504724306
Actr2,NG2-3112 mouse glioblastoma cells,increased sensitivity to gliocidin and subsequently glioblastoma cell death,0,0.03242670939591783,0.028579181063850496
Lsm1,NG2-3112 mouse glioblastoma cells,increased sensitivity to gliocidin and subsequently glioblastoma cell death,1,0.07879389031349798,0.05557992337850477
Rpl23a,NG2-3112 mouse glioblastoma cells,decreased sensitivity to gliocidin and subsequently glioblastoma cell survival,1,0.9810503934567244,0.9775599231520828
Rrp9,NG2-3112 mouse glioblastoma cells,increased sensitivity to gliocidin and subsequently glioblastoma cell death,0,0.06204951707400279,0.03514146958764758
Wdr5,NG2-3112 mouse glioblastoma cells,increased sensitivity to gliocidin and subsequently glioblastoma cell death,0,0.04906312998519869,0.04806959351552319
Shf,NG2-3112 mouse glioblastoma cells,decreased sensitivity to gliocidin and subsequently glioblastoma cell survival,1,0.8427133343747647,0.9003545757251432
Rpl6,NG2-3112 mouse glioblastoma cells,increased sensitivity to gliocidin and subsequently glioblastoma cell death,0,0.009519759655670675,0.02024051269424304
Gatad2a,NG2-3112 mouse glioblastoma cells,decreased sensitivity to gliocidin and subsequently glioblastoma cell survival,1,0.9113097008879406,0.8560853283623978
Tecr,NG2-3112 mouse glioblastoma cells,decreased sensitivity to gliocidin and subsequently glioblastoma cell survival,1,0.8670694134970361,0.923756969342544
Mrpl23,NG2-3112 mouse glioblastoma cells,decreased sensitivity to gliocidin and subsequently glioblastoma cell survival,1,0.9711913426674872,0.9675817124674944
Dbr1,NG2-3112 mouse glioblastoma cells,decreased sensitivity to gliocidin and subsequently glioblastoma cell survival,1,0.8506596315329662,0.9172747011294085
Uros,NG2-3112 mouse glioblastoma cells,increased sensitivity to gliocidin and subsequently glioblastoma cell death,0,0.14756179595274488,0.10037542170631389
Ypel5,NG2-3112 mouse glioblastoma cells,increased sensitivity to gliocidin and subsequently glioblastoma cell death,0,0.2207912149141259,0.10953968952797524
Tyms,NG2-3112 mouse glioblastoma cells,decreased sensitivity to gliocidin and subsequently glioblastoma cell survival,1,0.8622295348422937,0.900776875759066
Rabggta,NG2-3112 mouse glioblastoma cells,decreased sensitivity to gliocidin and subsequently glioblastoma cell survival,1,0.9614816973284269,0.943767421890185
Mrpl44,NG2-3112 mouse glioblastoma cells,increased sensitivity to gliocidin and subsequently glioblastoma cell death,0,0.029407239812776615,0.022194776768698153
Pbrm1,NG2-3112 mouse glioblastoma cells,increased sensitivity to gliocidin and subsequently glioblastoma cell death,0,0.1066082539310597,0.0878910343607499
Zfp36l2,NG2-3112 mouse glioblastoma cells,increased sensitivity to gliocidin and subsequently glioblastoma cell death,1,0.11580234584540962,0.06262650993449745
Cbl,NG2-3112 mouse glioblastoma cells,decreased sensitivity to gliocidin and subsequently glioblastoma cell survival,0,0.8876709904656779,0.932217200818186
Dohh,NG2-3112 mouse glioblastoma cells,decreased sensitivity to gliocidin and subsequently glioblastoma cell survival,1,0.8683614285642365,0.9321221982611825
Ndufb3,NG2-3112 mouse glioblastoma cells,decreased sensitivity to gliocidin and subsequently glioblastoma cell survival,1,0.947387148690607,0.9627988520466918
Gm15127,NG2-3112 mouse glioblastoma cells,decreased sensitivity to gliocidin and subsequently glioblastoma cell survival,1,0.9369939346248982,0.9295821698116424
Usp36,NG2-3112 mouse glioblastoma cells,decreased sensitivity to gliocidin and subsequently glioblastoma cell survival,1,0.8905540368465458,0.8749412319269301
Lsg1,NG2-3112 mouse glioblastoma cells,decreased sensitivity to gliocidin and subsequently glioblastoma cell survival,1,0.9705568279490768,0.9708844434385748
Cars2,NG2-3112 mouse glioblastoma cells,decreased sensitivity to gliocidin and subsequently glioblastoma cell survival,1,0.8614188987896003,0.9300401032155996
Alg8,NG2-3112 mouse glioblastoma cells,decreased sensitivity to gliocidin and subsequently glioblastoma cell survival,1,0.9415514983494007,0.9576996629683097
Nmd3,NG2-3112 mouse glioblastoma cells,decreased sensitivity to gliocidin and subsequently glioblastoma cell survival,1,0.9706834985630661,0.9738512272759517
Asb3,NG2-3112 mouse glioblastoma cells,decreased sensitivity to gliocidin and subsequently glioblastoma cell survival,1,0.9330383295318669,0.9427477965247557
Sptlc1,NG2-3112 mouse glioblastoma cells,decreased sensitivity to gliocidin and subsequently glioblastoma cell survival,1,0.9412289030768969,0.9617081000998918
Eif3j1,NG2-3112 mouse glioblastoma cells,decreased sensitivity to gliocidin and subsequently glioblastoma cell survival,1,0.9811972353156139,0.9806312173173591
Yeats4,NG2-3112 mouse glioblastoma cells,decreased sensitivity to gliocidin and subsequently glioblastoma cell survival,1,0.9413986703202605,0.9483797512626665
Cebpz,NG2-3112 mouse glioblastoma cells,decreased sensitivity to gliocidin and subsequently glioblastoma cell survival,1,0.8994997811922681,0.9061513518926121
Mrpl55,NG2-3112 mouse glioblastoma cells,increased sensitivity to gliocidin and subsequently glioblastoma cell death,0,0.019499499358655872,0.01882838452902261
Kat8,NG2-3112 mouse glioblastoma cells,increased sensitivity to gliocidin and subsequently glioblastoma cell death,0,0.10017161052300409,0.07374710817819015
Mfap1b,NG2-3112 mouse glioblastoma cells,increased sensitivity to gliocidin and subsequently glioblastoma cell death,0,0.09017493219003636,0.0656048776627667
R3hdm1,NG2-3112 mouse glioblastoma cells,increased sensitivity to gliocidin and subsequently glioblastoma cell death,0,0.06943731871258448,0.04011135727533591
Lsm11,NG2-3112 mouse glioblastoma cells,increased sensitivity to gliocidin and subsequently glioblastoma cell death,0,0.019064868860421236,0.02792259472989776
Mical2,NG2-3112 mouse glioblastoma cells,increased sensitivity to gliocidin and subsequently glioblastoma cell death,0,0.10927004499712915,0.08186805687877782
Edc3,NG2-3112 mouse glioblastoma cells,increased sensitivity to gliocidin and subsequently glioblastoma cell death,0,0.0385174192528451,0.03802551328857679
Chmp6,NG2-3112 mouse glioblastoma cells,decreased sensitivity to gliocidin and subsequently glioblastoma cell survival,1,0.923309458170702,0.9457102456894061
Srsf11,NG2-3112 mouse glioblastoma cells,decreased sensitivity to gliocidin and subsequently glioblastoma cell survival,1,0.9675949671856572,0.9742617995826305
Wdr82,NG2-3112 mouse glioblastoma cells,increased sensitivity to gliocidin and subsequently glioblastoma cell death,0,0.058789980360121105,0.04454343735968702
Exosc5,NG2-3112 mouse glioblastoma cells,decreased sensitivity to gliocidin and subsequently glioblastoma cell survival,1,0.905706735088377,0.9404646864851821
Rpl18,3LL Lewis lung carcinoma cells,decreased resistance to PD1 blockade and lung carcinoma cell death,1,0.040018860181089314,0.017012636675762194
Lrrc69,NG2-3112 mouse glioblastoma cells,increased sensitivity to gliocidin and subsequently glioblastoma cell death,0,0.039620706277806665,0.04994597219019842
Ncl,NG2-3112 mouse glioblastoma cells,increased sensitivity to gliocidin and subsequently glioblastoma cell death,0,0.08821524993901081,0.06154912601156494
Rpl19,NG2-3112 mouse glioblastoma cells,increased sensitivity to gliocidin and subsequently glioblastoma cell death,0,0.01922697047707169,0.019424043705280256
Timm9,NG2-3112 mouse glioblastoma cells,increased sensitivity to gliocidin and subsequently glioblastoma cell death,0,0.06035768882782304,0.04634926271865585
Asxl1,3LL Lewis lung carcinoma cells,increased resistance to PD1 blockade and lung carcinoma cell survival,1,0.8125500231034269,0.872139909987456
2700062C07Rik,NG2-3112 mouse glioblastoma cells,decreased sensitivity to gliocidin and subsequently glioblastoma cell survival,1,0.9009121282051876,0.9307652787145406
Gstcd,NG2-3112 mouse glioblastoma cells,decreased sensitivity to gliocidin and subsequently glioblastoma cell survival,1,0.8909930532187328,0.9247280772347649
Rpl18a,NG2-3112 mouse glioblastoma cells,increased sensitivity to gliocidin and subsequently glioblastoma cell death,0,0.03902526068338194,0.028542064739711256
Tmem208,NG2-3112 mouse glioblastoma cells,increased sensitivity to gliocidin and subsequently glioblastoma cell death,0,0.03348358836667029,0.04323227776807489
Rpl30,NG2-3112 mouse glioblastoma cells,increased sensitivity to gliocidin and subsequently glioblastoma cell death,0,0.03929366073190904,0.028684131406376306
Baz1b,NG2-3112 mouse glioblastoma cells,increased sensitivity to gliocidin and subsequently glioblastoma cell death,0,0.1483180815598738,0.08753078621890516
Ssbp1,NG2-3112 mouse glioblastoma cells,increased sensitivity to gliocidin and subsequently glioblastoma cell death,0,0.12509710254300155,0.0936719695127561
Pigk,NG2-3112 mouse glioblastoma cells,increased sensitivity to gliocidin and subsequently glioblastoma cell death,1,0.15059633666308112,0.08121210716641054
Rpl15,NG2-3112 mouse glioblastoma cells,increased sensitivity to gliocidin and subsequently glioblastoma cell death,0,0.01960513227480055,0.024739477620115934
Ogt,NG2-3112 mouse glioblastoma cells,decreased sensitivity to gliocidin and subsequently glioblastoma cell survival,0,0.9124297479393242,0.9462256853008665
Syt3,NG2-3112 mouse glioblastoma cells,increased sensitivity to gliocidin and subsequently glioblastoma cell death,0,0.095394913012313,0.07088912252380784
Rpn2,NG2-3112 mouse glioblastoma cells,decreased sensitivity to gliocidin and subsequently glioblastoma cell survival,1,0.9704931868873675,0.9679654778792588
Nip7,NG2-3112 mouse glioblastoma cells,decreased sensitivity to gliocidin and subsequently glioblastoma cell survival,1,0.8606394250022522,0.9339321205919466
Coq6,NG2-3112 mouse glioblastoma cells,increased sensitivity to gliocidin and subsequently glioblastoma cell death,0,0.0697575150847747,0.04227496213634001
Rpl4,NG2-3112 mouse glioblastoma cells,increased sensitivity to gliocidin and subsequently glioblastoma cell death,0,0.020394547561649913,0.020317318846018537
Pds5b,NG2-3112 mouse glioblastoma cells,decreased sensitivity to gliocidin and subsequently glioblastoma cell survival,1,0.9593169106387953,0.968175850668258
Sec22b,NG2-3112 mouse glioblastoma cells,increased sensitivity to gliocidin and subsequently glioblastoma cell death,0,0.04895766513368772,0.04624760921220814
Rhox3e,NG2-3112 mouse glioblastoma cells,increased sensitivity to gliocidin and subsequently glioblastoma cell death,0,0.1494895088603631,0.09526963499782462
Rfk,NG2-3112 mouse glioblastoma cells,increased sensitivity to gliocidin and subsequently glioblastoma cell death,0,0.14951555727303192,0.09384036083282637
Snrpf,NG2-3112 mouse glioblastoma cells,decreased sensitivity to gliocidin and subsequently glioblastoma cell survival,1,0.8822757509071693,0.9280634492270575
Adnp,NG2-3112 mouse glioblastoma cells,decreased sensitivity to gliocidin and subsequently glioblastoma cell survival,1,0.9586102436653059,0.9571660225944716
Ifna12,NG2-3112 mouse glioblastoma cells,increased sensitivity to gliocidin and subsequently glioblastoma cell death,0,0.07859697968708303,0.06225109991590175
Dlst,NG2-3112 mouse glioblastoma cells,decreased sensitivity to gliocidin and subsequently glioblastoma cell survival,1,0.8769224506465335,0.9235353965758983
Cpsf2,NG2-3112 mouse glioblastoma cells,decreased sensitivity to gliocidin and subsequently glioblastoma cell survival,1,0.9708823413477522,0.9463130738135546
Edc3,NG2-3112 mouse glioblastoma cells,decreased sensitivity to gliocidin and subsequently glioblastoma cell survival,1,0.939189234086947,0.9505000715814647
Ndufaf7,NG2-3112 mouse glioblastoma cells,increased sensitivity to gliocidin and subsequently glioblastoma cell death,0,0.15377163783645614,0.07583887335514457
Rps13,NG2-3112 mouse glioblastoma cells,increased sensitivity to gliocidin and subsequently glioblastoma cell death,0,0.019777250441621628,0.016815262904586598
Nmd3,NG2-3112 mouse glioblastoma cells,increased sensitivity to gliocidin and subsequently glioblastoma cell death,0,0.03224231136498932,0.026138283105680647
Nme6,NG2-3112 mouse glioblastoma cells,increased sensitivity to gliocidin and subsequently glioblastoma cell death,0,0.1082336027505822,0.06681487250418776
Dis3,NG2-3112 mouse glioblastoma cells,decreased sensitivity to gliocidin and subsequently glioblastoma cell survival,1,0.907008782097323,0.9456745928228241
Armc7,NG2-3112 mouse glioblastoma cells,decreased sensitivity to gliocidin and subsequently glioblastoma cell survival,1,0.929289277667235,0.9427504223609107
Rpl8,NG2-3112 mouse glioblastoma cells,decreased sensitivity to gliocidin and subsequently glioblastoma cell survival,1,0.9805382124098753,0.9759399655502822
Axin1,NG2-3112 mouse glioblastoma cells,decreased sensitivity to gliocidin and subsequently glioblastoma cell survival,1,0.9060647168347359,0.9405241916327524
Gpr160,NG2-3112 mouse glioblastoma cells,decreased sensitivity to gliocidin and subsequently glioblastoma cell survival,1,0.9413547867687346,0.9484329960004543
Mrps34,NG2-3112 mouse glioblastoma cells,increased sensitivity to gliocidin and subsequently glioblastoma cell death,0,0.059716144568701536,0.03630001082024734
Ufm1,NG2-3112 mouse glioblastoma cells,decreased sensitivity to gliocidin and subsequently glioblastoma cell survival,1,0.7835249970992648,0.7842084287993499
Tbcc,NG2-3112 mouse glioblastoma cells,increased sensitivity to gliocidin and subsequently glioblastoma cell death,0,0.08202844038909576,0.04978970559190763
Gart,NG2-3112 mouse glioblastoma cells,decreased sensitivity to gliocidin and subsequently glioblastoma cell survival,1,0.8230145311285005,0.9188895536975594
Eif3c,NG2-3112 mouse glioblastoma cells,decreased sensitivity to gliocidin and subsequently glioblastoma cell survival,1,0.9910371052390685,0.981029661977669
Rpp38,NG2-3112 mouse glioblastoma cells,decreased sensitivity to gliocidin and subsequently glioblastoma cell survival,1,0.9616647077396139,0.965339903125566
Eif2b4,NG2-3112 mouse glioblastoma cells,increased sensitivity to gliocidin and subsequently glioblastoma cell death,0,0.09040986723591268,0.0649946993006563
Nfib,NG2-3112 mouse glioblastoma cells,increased sensitivity to gliocidin and subsequently glioblastoma cell death,1,0.1485243637949259,0.16566576423407645
Pin1,NG2-3112 mouse glioblastoma cells,increased sensitivity to gliocidin and subsequently glioblastoma cell death,0,0.0689186097645372,0.059241205055964204
Top1,NG2-3112 mouse glioblastoma cells,increased sensitivity to gliocidin and subsequently glioblastoma cell death,0,0.09896089609845445,0.0697304990251076
Dcaf13,NG2-3112 mouse glioblastoma cells,increased sensitivity to gliocidin and subsequently glioblastoma cell death,0,0.129035529867668,0.0851350668146128
Dennd6a,NG2-3112 mouse glioblastoma cells,increased sensitivity to gliocidin and subsequently glioblastoma cell death,0,0.10857159908206997,0.07875891193106815
Ctc1,NG2-3112 mouse glioblastoma cells,increased sensitivity to gliocidin and subsequently glioblastoma cell death,0,0.08803030290174205,0.07053430233505573
Pds5b,NG2-3112 mouse glioblastoma cells,increased sensitivity to gliocidin and subsequently glioblastoma cell death,0,0.05058278061235527,0.052440671054950205
Slc25a32,NG2-3112 mouse glioblastoma cells,increased sensitivity to gliocidin and subsequently glioblastoma cell death,0,0.1102183826306913,0.05414451889882833
Pgam1,NG2-3112 mouse glioblastoma cells,increased sensitivity to gliocidin and subsequently glioblastoma cell death,0,0.07015327533110902,0.05212462919287988
Cenpu,NG2-3112 mouse glioblastoma cells,decreased sensitivity to gliocidin and subsequently glioblastoma cell survival,1,0.8481817701952455,0.8634370876393521
Mrpl4,NG2-3112 mouse glioblastoma cells,decreased sensitivity to gliocidin and subsequently glioblastoma cell survival,1,0.979008009382293,0.9768463425405803
Tsr1,NG2-3112 mouse glioblastoma cells,increased sensitivity to gliocidin and subsequently glioblastoma cell death,0,0.060341799081174076,0.04047457698500681
Zfp937,NG2-3112 mouse glioblastoma cells,decreased sensitivity to gliocidin and subsequently glioblastoma cell survival,0,0.8220453980636765,0.8233094068304944
Paf1,NG2-3112 mouse glioblastoma cells,decreased sensitivity to gliocidin and subsequently glioblastoma cell survival,1,0.8656838545604498,0.9319139481682392
Vps16,NG2-3112 mouse glioblastoma cells,increased sensitivity to gliocidin and subsequently glioblastoma cell death,0,0.137738246244433,0.07816798362678132
Chchd3,NG2-3112 mouse glioblastoma cells,decreased sensitivity to gliocidin and subsequently glioblastoma cell survival,1,0.9705462651230827,0.9643994799663499
Elp4,NG2-3112 mouse glioblastoma cells,decreased sensitivity to gliocidin and subsequently glioblastoma cell survival,1,0.9201476130800802,0.9382635356873248
Tmprss4,NG2-3112 mouse glioblastoma cells,increased sensitivity to gliocidin and subsequently glioblastoma cell death,0,0.07889528793750601,0.07252980280094147
Ifna12,NG2-3112 mouse glioblastoma cells,decreased sensitivity to gliocidin and subsequently glioblastoma cell survival,1,0.8592037896491677,0.909695952760409
Trmu,NG2-3112 mouse glioblastoma cells,increased sensitivity to gliocidin and subsequently glioblastoma cell death,0,0.11869974193293696,0.056811361215613844
Flii,NG2-3112 mouse glioblastoma cells,decreased sensitivity to gliocidin and subsequently glioblastoma cell survival,1,0.8124088152221448,0.9060071115117675
Mybl2,NG2-3112 mouse glioblastoma cells,increased sensitivity to gliocidin and subsequently glioblastoma cell death,0,0.09893184601156778,0.11636144446909662
Opa1,NG2-3112 mouse glioblastoma cells,increased sensitivity to gliocidin and subsequently glioblastoma cell death,0,0.08891506279009302,0.07581943699856193
Elp6,NG2-3112 mouse glioblastoma cells,increased sensitivity to gliocidin and subsequently glioblastoma cell death,0,0.04061730659426547,0.037049938980078856
Ubl5,NG2-3112 mouse glioblastoma cells,decreased sensitivity to gliocidin and subsequently glioblastoma cell survival,1,0.841811263924985,0.902248984443345
Morf4l2,NG2-3112 mouse glioblastoma cells,decreased sensitivity to gliocidin and subsequently glioblastoma cell survival,1,0.8496198335394642,0.7871370500963102
Mthfd1,NG2-3112 mouse glioblastoma cells,increased sensitivity to gliocidin and subsequently glioblastoma cell death,0,0.05956112414372395,0.04499505659166287
Med22,NG2-3112 mouse glioblastoma cells,increased sensitivity to gliocidin and subsequently glioblastoma cell death,0,0.11351277280378363,0.06079478491112807
Casp8,3LL Lewis lung carcinoma cells,decreased resistance to PD1 blockade and lung carcinoma cell death,0,0.1384008979678849,0.11499034536308851
Ncbp2,NG2-3112 mouse glioblastoma cells,increased sensitivity to gliocidin and subsequently glioblastoma cell death,0,0.07999911678808148,0.05333493014363867
Myt1,NG2-3112 mouse glioblastoma cells,decreased sensitivity to gliocidin and subsequently glioblastoma cell survival,1,0.9021305140849182,0.9007606866330437
Dctn5,NG2-3112 mouse glioblastoma cells,decreased sensitivity to gliocidin and subsequently glioblastoma cell survival,1,0.9612738291006703,0.9668421631403061
Tmprss4,NG2-3112 mouse glioblastoma cells,decreased sensitivity to gliocidin and subsequently glioblastoma cell survival,1,0.9017054555288193,0.9084070162383592
Ndufa1,NG2-3112 mouse glioblastoma cells,decreased sensitivity to gliocidin and subsequently glioblastoma cell survival,1,0.9210089793697464,0.9580775660286844
Myc,NG2-3112 mouse glioblastoma cells,increased sensitivity to gliocidin and subsequently glioblastoma cell death,0,0.12792040458012902,0.0945223990180325
Cdh2,NG2-3112 mouse glioblastoma cells,increased sensitivity to gliocidin and subsequently glioblastoma cell death,0,0.10832842161760356,0.0788325585818339
Wdr82,NG2-3112 mouse glioblastoma cells,decreased sensitivity to gliocidin and subsequently glioblastoma cell survival,1,0.8918689415226428,0.9342770454766265
Pold1,NG2-3112 mouse glioblastoma cells,decreased sensitivity to gliocidin and subsequently glioblastoma cell survival,0,0.900824626278317,0.949048076125095
Mical2,NG2-3112 mouse glioblastoma cells,decreased sensitivity to gliocidin and subsequently glioblastoma cell survival,1,0.9432788984144571,0.9535274778154876
Nup98,NG2-3112 mouse glioblastoma cells,decreased sensitivity to gliocidin and subsequently glioblastoma cell survival,1,0.8398500234223206,0.8964914554376402
Rps13,NG2-3112 mouse glioblastoma cells,decreased sensitivity to gliocidin and subsequently glioblastoma cell survival,1,0.9413561817422894,0.941299895002191
Med24,NG2-3112 mouse glioblastoma cells,increased sensitivity to gliocidin and subsequently glioblastoma cell death,0,0.1103413009647537,0.05861985120368983
Ddx19a,NG2-3112 mouse glioblastoma cells,decreased sensitivity to gliocidin and subsequently glioblastoma cell survival,1,0.8816272587334929,0.9245231455461023
Med4,NG2-3112 mouse glioblastoma cells,decreased sensitivity to gliocidin and subsequently glioblastoma cell survival,1,0.920619297200211,0.9562659467558322
Alg11,NG2-3112 mouse glioblastoma cells,increased sensitivity to gliocidin and subsequently glioblastoma cell death,0,0.03950985635553325,0.043658635459845115
Setdb1,NG2-3112 mouse glioblastoma cells,decreased sensitivity to gliocidin and subsequently glioblastoma cell survival,1,0.9712622262232131,0.9685733408641151
Ptcd1,NG2-3112 mouse glioblastoma cells,decreased sensitivity to gliocidin and subsequently glioblastoma cell survival,1,0.8913406323473291,0.9397372862583198
Atp1b3,NG2-3112 mouse glioblastoma cells,increased sensitivity to gliocidin and subsequently glioblastoma cell death,0,0.054427461773805585,0.04467785562240525
Pggt1b,NG2-3112 mouse glioblastoma cells,increased sensitivity to gliocidin and subsequently glioblastoma cell death,0,0.10778981487641472,0.05995429171179889
Fus,NG2-3112 mouse glioblastoma cells,decreased sensitivity to gliocidin and subsequently glioblastoma cell survival,1,0.87212253771987,0.9180867128842697
Plrg1,NG2-3112 mouse glioblastoma cells,decreased sensitivity to gliocidin and subsequently glioblastoma cell survival,1,0.9313043398079739,0.9574910268820327
Elp3,NG2-3112 mouse glioblastoma cells,decreased sensitivity to gliocidin and subsequently glioblastoma cell survival,1,0.872215093034733,0.891006430463593
Mapkap1,NG2-3112 mouse glioblastoma cells,decreased sensitivity to gliocidin and subsequently glioblastoma cell survival,1,0.896750447842077,0.9256101098381366
Supt4a,NG2-3112 mouse glioblastoma cells,decreased sensitivity to gliocidin and subsequently glioblastoma cell survival,1,0.9315591022444698,0.9432920336738093
Pigk,NG2-3112 mouse glioblastoma cells,decreased sensitivity to gliocidin and subsequently glioblastoma cell survival,0,0.9412396340260517,0.950673492372427
Ufc1,NG2-3112 mouse glioblastoma cells,decreased sensitivity to gliocidin and subsequently glioblastoma cell survival,1,0.9213030585729481,0.9214862610486833
Vhl,NG2-3112 mouse glioblastoma cells,decreased sensitivity to gliocidin and subsequently glioblastoma cell survival,1,0.8129606754556247,0.8771466601134178
Smc1a,NG2-3112 mouse glioblastoma cells,increased sensitivity to gliocidin and subsequently glioblastoma cell death,0,0.09823593403727335,0.060718020463441935
Slc38a2,NG2-3112 mouse glioblastoma cells,decreased sensitivity to gliocidin and subsequently glioblastoma cell survival,1,0.9022130958504263,0.8500734918975839
Dnm1l,NG2-3112 mouse glioblastoma cells,increased sensitivity to gliocidin and subsequently glioblastoma cell death,0,0.0834906687211491,0.04444437253450476
Fam32a,NG2-3112 mouse glioblastoma cells,decreased sensitivity to gliocidin and subsequently glioblastoma cell survival,1,0.9687603168097931,0.9692654004087272
Cpsf1,NG2-3112 mouse glioblastoma cells,decreased sensitivity to gliocidin and subsequently glioblastoma cell survival,1,0.9609075052134202,0.9674612651731407
Ogt,NG2-3112 mouse glioblastoma cells,increased sensitivity to gliocidin and subsequently glioblastoma cell death,1,0.11069533438170982,0.0839274689247588
Rbm41,NG2-3112 mouse glioblastoma cells,decreased sensitivity to gliocidin and subsequently glioblastoma cell survival,1,0.9202156629902711,0.9512901945246328
Cdc23,NG2-3112 mouse glioblastoma cells,decreased sensitivity to gliocidin and subsequently glioblastoma cell survival,1,0.8357375240119523,0.9154754143396463
Cdc45,NG2-3112 mouse glioblastoma cells,increased sensitivity to gliocidin and subsequently glioblastoma cell death,0,0.13837602297124846,0.08008087074709291
Ybx1,NG2-3112 mouse glioblastoma cells,increased sensitivity to gliocidin and subsequently glioblastoma cell death,0,0.10766180528343491,0.07851264010501745
Brix1,NG2-3112 mouse glioblastoma cells,increased sensitivity to gliocidin and subsequently glioblastoma cell death,0,0.10252329870246392,0.05824869169551126
Psmc6,NG2-3112 mouse glioblastoma cells,increased sensitivity to gliocidin and subsequently glioblastoma cell death,0,0.03721298903612388,0.03216314045777349
Rictor,NG2-3112 mouse glioblastoma cells,increased sensitivity to gliocidin and subsequently glioblastoma cell death,0,0.12855533831313617,0.08516620834746304
Ttc14,NG2-3112 mouse glioblastoma cells,increased sensitivity to gliocidin and subsequently glioblastoma cell death,0,0.1390647893433852,0.08458165157881913
Sdhaf2,NG2-3112 mouse glioblastoma cells,decreased sensitivity to gliocidin and subsequently glioblastoma cell survival,1,0.9545338320726441,0.9694823431081021
Cap2,NG2-3112 mouse glioblastoma cells,increased sensitivity to gliocidin and subsequently glioblastoma cell death,1,0.12871200044578537,0.057363603281495
Kansl3,NG2-3112 mouse glioblastoma cells,decreased sensitivity to gliocidin and subsequently glioblastoma cell survival,1,0.8729906449496301,0.9085255458988981
Irf9,NG2-3112 mouse glioblastoma cells,increased sensitivity to gliocidin and subsequently glioblastoma cell death,0,0.0984023238913371,0.33854913496281325
Fau,NG2-3112 mouse glioblastoma cells,decreased sensitivity to gliocidin and subsequently glioblastoma cell survival,1,0.869138770148787,0.8623202092449518
Ilf3,NG2-3112 mouse glioblastoma cells,increased sensitivity to gliocidin and subsequently glioblastoma cell death,0,0.09982433597232779,0.0683530786415188
Nup62,NG2-3112 mouse glioblastoma cells,increased sensitivity to gliocidin and subsequently glioblastoma cell death,0,0.08928400292796686,0.05793797061786063
Syvn1,NG2-3112 mouse glioblastoma cells,increased sensitivity to gliocidin and subsequently glioblastoma cell death,0,0.14756411290760152,0.13115093265284986
Vac14,NG2-3112 mouse glioblastoma cells,increased sensitivity to gliocidin and subsequently glioblastoma cell death,0,0.03962340249265357,0.04297465833087854
Rcc2,NG2-3112 mouse glioblastoma cells,decreased sensitivity to gliocidin and subsequently glioblastoma cell survival,1,0.9598901688751055,0.9646590978188433
Frs2,NG2-3112 mouse glioblastoma cells,decreased sensitivity to gliocidin and subsequently glioblastoma cell survival,1,0.900458380986273,0.9303518359557513
Trim28,NG2-3112 mouse glioblastoma cells,increased sensitivity to gliocidin and subsequently glioblastoma cell death,0,0.13572295727551198,0.08199948783342303
Mrpl14,NG2-3112 mouse glioblastoma cells,increased sensitivity to gliocidin and subsequently glioblastoma cell death,0,0.0193584986153974,0.021653988463808924
Maea,NG2-3112 mouse glioblastoma cells,increased sensitivity to gliocidin and subsequently glioblastoma cell death,1,0.15832549750943123,0.07300707142462319
Elp3,NG2-3112 mouse glioblastoma cells,increased sensitivity to gliocidin and subsequently glioblastoma cell death,0,0.14953332627405064,0.13245884250584058
Frs2,NG2-3112 mouse glioblastoma cells,increased sensitivity to gliocidin and subsequently glioblastoma cell death,0,0.0490339330795832,0.04457215509301918
Bri3,NG2-3112 mouse glioblastoma cells,increased sensitivity to gliocidin and subsequently glioblastoma cell death,0,0.11232974706542814,0.07497362285552794
Tsc2,NG2-3112 mouse glioblastoma cells,decreased sensitivity to gliocidin and subsequently glioblastoma cell survival,0,0.9493169081020965,0.9687656375534051
Setdb1,3LL Lewis lung carcinoma cells,decreased resistance to PD1 blockade and lung carcinoma cell death,0,0.041189667709559,0.03364741554714676
Rps15,NG2-3112 mouse glioblastoma cells,decreased sensitivity to gliocidin and subsequently glioblastoma cell survival,1,0.9714327866152935,0.976100796444006
Rpn2,NG2-3112 mouse glioblastoma cells,increased sensitivity to gliocidin and subsequently glioblastoma cell death,0,0.05984718772919113,0.04785551181886274
Ndufa1,NG2-3112 mouse glioblastoma cells,increased sensitivity to gliocidin and subsequently glioblastoma cell death,0,0.09091264880784915,0.04476373239392732
Chek1,NG2-3112 mouse glioblastoma cells,decreased sensitivity to gliocidin and subsequently glioblastoma cell survival,0,0.9172911231410249,0.9414153515425453
Dna2,NG2-3112 mouse glioblastoma cells,decreased sensitivity to gliocidin and subsequently glioblastoma cell survival,1,0.940240783556451,0.9448978004919069
Fbl,NG2-3112 mouse glioblastoma cells,increased sensitivity to gliocidin and subsequently glioblastoma cell death,0,0.14447869067460106,0.09674601210384443
Dclre1b,NG2-3112 mouse glioblastoma cells,increased sensitivity to gliocidin and subsequently glioblastoma cell death,0,0.05850068210008448,0.052462594654600944
Rpn1,NG2-3112 mouse glioblastoma cells,increased sensitivity to gliocidin and subsequently glioblastoma cell death,0,0.08906713011362154,0.10153852488349041
Vps33a,NG2-3112 mouse glioblastoma cells,increased sensitivity to gliocidin and subsequently glioblastoma cell death,0,0.048080112641544784,0.04463180222656633
Atl2,NG2-3112 mouse glioblastoma cells,increased sensitivity to gliocidin and subsequently glioblastoma cell death,0,0.0690234811050699,0.04700137330262367
Rtn4ip1,NG2-3112 mouse glioblastoma cells,decreased sensitivity to gliocidin and subsequently glioblastoma cell survival,1,0.9268671478180457,0.9566765080495478
Nosip,NG2-3112 mouse glioblastoma cells,decreased sensitivity to gliocidin and subsequently glioblastoma cell survival,0,0.8620073659681114,0.8930114497270994
Rps28,NG2-3112 mouse glioblastoma cells,decreased sensitivity to gliocidin and subsequently glioblastoma cell survival,1,0.9669167790797754,0.9693597876124816
Nrbp2,NG2-3112 mouse glioblastoma cells,decreased sensitivity to gliocidin and subsequently glioblastoma cell survival,1,0.8954167235188392,0.9184264358772707
Serpine1,NG2-3112 mouse glioblastoma cells,decreased sensitivity to gliocidin and subsequently glioblastoma cell survival,1,0.9136213296192652,0.9323952797462172
Coa5,NG2-3112 mouse glioblastoma cells,decreased sensitivity to gliocidin and subsequently glioblastoma cell survival,1,0.9413562840960219,0.957331567963133
Ppp1r8,NG2-3112 mouse glioblastoma cells,increased sensitivity to gliocidin and subsequently glioblastoma cell death,0,0.08201009049978629,0.08321648499761852
Rps25,NG2-3112 mouse glioblastoma cells,decreased sensitivity to gliocidin and subsequently glioblastoma cell survival,1,0.9812998169527295,0.9772987608289088
Lrr1,NG2-3112 mouse glioblastoma cells,decreased sensitivity to gliocidin and subsequently glioblastoma cell survival,1,0.9217238306545775,0.9345076461364621
Rps8,NG2-3112 mouse glioblastoma cells,decreased sensitivity to gliocidin and subsequently glioblastoma cell survival,1,0.9707173005529272,0.9754196007602736
Eif3f,NG2-3112 mouse glioblastoma cells,increased sensitivity to gliocidin and subsequently glioblastoma cell death,0,0.03968428273769471,0.03633735443528887
Kpna2,NG2-3112 mouse glioblastoma cells,increased sensitivity to gliocidin and subsequently glioblastoma cell death,1,0.10000919749216516,0.04927062573661733
Exosc10,NG2-3112 mouse glioblastoma cells,decreased sensitivity to gliocidin and subsequently glioblastoma cell survival,1,0.9054216806559132,0.9520667328277103
N6amt1,NG2-3112 mouse glioblastoma cells,decreased sensitivity to gliocidin and subsequently glioblastoma cell survival,1,0.9401727271971824,0.9549178776770293
Polr1b,NG2-3112 mouse glioblastoma cells,increased sensitivity to gliocidin and subsequently glioblastoma cell death,0,0.03941082563309299,0.03540697971783592
Smu1,NG2-3112 mouse glioblastoma cells,decreased sensitivity to gliocidin and subsequently glioblastoma cell survival,1,0.8904227024573126,0.9316689624191448
Krtap10-4,NG2-3112 mouse glioblastoma cells,increased sensitivity to gliocidin and subsequently glioblastoma cell death,0,0.0604642124038127,0.046979979234000865
Pfdn5,NG2-3112 mouse glioblastoma cells,decreased sensitivity to gliocidin and subsequently glioblastoma cell survival,1,0.9361173220061046,0.954108239136614
Trim28,NG2-3112 mouse glioblastoma cells,decreased sensitivity to gliocidin and subsequently glioblastoma cell survival,1,0.8191017143927559,0.9037830756382765
Zfp652,NG2-3112 mouse glioblastoma cells,increased sensitivity to gliocidin and subsequently glioblastoma cell death,0,0.1953530080001038,0.11729544928312942
Timm9,NG2-3112 mouse glioblastoma cells,decreased sensitivity to gliocidin and subsequently glioblastoma cell survival,1,0.8969940314470506,0.9407581560338933
Gtf2b,NG2-3112 mouse glioblastoma cells,increased sensitivity to gliocidin and subsequently glioblastoma cell death,0,0.07978375613326034,0.07555997101370589
Apol11a,NG2-3112 mouse glioblastoma cells,increased sensitivity to gliocidin and subsequently glioblastoma cell death,0,0.07833543259815115,0.05065054172216016
Cmpk1,NG2-3112 mouse glioblastoma cells,increased sensitivity to gliocidin and subsequently glioblastoma cell death,0,0.08915304573014346,0.05528028340575902
Ubtf,NG2-3112 mouse glioblastoma cells,decreased sensitivity to gliocidin and subsequently glioblastoma cell survival,1,0.8012439808026296,0.8367695994295026
Psma7,NG2-3112 mouse glioblastoma cells,increased sensitivity to gliocidin and subsequently glioblastoma cell death,0,0.03483507017054876,0.031846372992485744
Stoml2,NG2-3112 mouse glioblastoma cells,decreased sensitivity to gliocidin and subsequently glioblastoma cell survival,1,0.9374989175894493,0.8755056863335354
Brap,NG2-3112 mouse glioblastoma cells,increased sensitivity to gliocidin and subsequently glioblastoma cell death,1,0.19910592367038057,0.09258309870669826
Ak2,NG2-3112 mouse glioblastoma cells,decreased sensitivity to gliocidin and subsequently glioblastoma cell survival,1,0.9089277138651002,0.9499608675844718
Rpl28,NG2-3112 mouse glioblastoma cells,increased sensitivity to gliocidin and subsequently glioblastoma cell death,0,0.0399466905074889,0.03032908824393226
Cdyl,NG2-3112 mouse glioblastoma cells,decreased sensitivity to gliocidin and subsequently glioblastoma cell survival,0,0.8510245381456485,0.9331255775331657
Mrps11,NG2-3112 mouse glioblastoma cells,decreased sensitivity to gliocidin and subsequently glioblastoma cell survival,1,0.9896486770793034,0.9845380846287459
Snx7,NG2-3112 mouse glioblastoma cells,increased sensitivity to gliocidin and subsequently glioblastoma cell death,0,0.11074300383606779,0.09935113503288183
Rps7,NG2-3112 mouse glioblastoma cells,decreased sensitivity to gliocidin and subsequently glioblastoma cell survival,1,0.9876118309149382,0.9812592905029536
Yrdc,NG2-3112 mouse glioblastoma cells,decreased sensitivity to gliocidin and subsequently glioblastoma cell survival,1,0.8916592786530613,0.9380483629400054
Hsd17b12,NG2-3112 mouse glioblastoma cells,increased sensitivity to gliocidin and subsequently glioblastoma cell death,0,0.06082476181511409,0.06297672650442714
Zc3h7b,NG2-3112 mouse glioblastoma cells,decreased sensitivity to gliocidin and subsequently glioblastoma cell survival,0,0.9008177730276372,0.9426442399410553
Lamtor1,NG2-3112 mouse glioblastoma cells,decreased sensitivity to gliocidin and subsequently glioblastoma cell survival,1,0.970990514969513,0.9700570865705376
Cdc23,NG2-3112 mouse glioblastoma cells,increased sensitivity to gliocidin and subsequently glioblastoma cell death,0,0.1938329317025023,0.08929787727214548
Prpf18,NG2-3112 mouse glioblastoma cells,decreased sensitivity to gliocidin and subsequently glioblastoma cell survival,1,0.8726707932217285,0.9181614473618023
Smc6,NG2-3112 mouse glioblastoma cells,increased sensitivity to gliocidin and subsequently glioblastoma cell death,0,0.07895940666002192,0.06274446284696823
Gins3,NG2-3112 mouse glioblastoma cells,increased sensitivity to gliocidin and subsequently glioblastoma cell death,0,0.11217960240931862,0.06300805492367953
Cpsf4,NG2-3112 mouse glioblastoma cells,decreased sensitivity to gliocidin and subsequently glioblastoma cell survival,1,0.940966728919506,0.956116083518938
Esf1,NG2-3112 mouse glioblastoma cells,increased sensitivity to gliocidin and subsequently glioblastoma cell death,0,0.08853133872290644,0.04990737954490973
Lin54,NG2-3112 mouse glioblastoma cells,increased sensitivity to gliocidin and subsequently glioblastoma cell death,0,0.07780077869805212,0.0958469225549734
Alas1,NG2-3112 mouse glioblastoma cells,increased sensitivity to gliocidin and subsequently glioblastoma cell death,0,0.061850052267236916,0.03867311257671346
Ddx52,NG2-3112 mouse glioblastoma cells,increased sensitivity to gliocidin and subsequently glioblastoma cell death,0,0.02948725392313183,0.0259962475697433
Nup54,NG2-3112 mouse glioblastoma cells,decreased sensitivity to gliocidin and subsequently glioblastoma cell survival,1,0.8991693586741344,0.8975604364724092
Dusp12,NG2-3112 mouse glioblastoma cells,increased sensitivity to gliocidin and subsequently glioblastoma cell death,0,0.08082432728803637,0.09459306254780481
Tmem126b,NG2-3112 mouse glioblastoma cells,decreased sensitivity to gliocidin and subsequently glioblastoma cell survival,1,0.9111136610413265,0.9470283414595357
Dhodh,NG2-3112 mouse glioblastoma cells,increased sensitivity to gliocidin and subsequently glioblastoma cell death,0,0.2624162288660086,0.11717352616460383
Ruvbl1,NG2-3112 mouse glioblastoma cells,decreased sensitivity to gliocidin and subsequently glioblastoma cell survival,1,0.9153879399722915,0.7813498867309541
Cenpo,NG2-3112 mouse glioblastoma cells,increased sensitivity to gliocidin and subsequently glioblastoma cell death,0,0.12015238551311264,0.08757493628442169
Rps6,NG2-3112 mouse glioblastoma cells,decreased sensitivity to gliocidin and subsequently glioblastoma cell survival,1,0.9843482291529523,0.9801861767859453
Dnaaf5,NG2-3112 mouse glioblastoma cells,decreased sensitivity to gliocidin and subsequently glioblastoma cell survival,1,0.9570700140907555,0.9616607598415602
Elac2,NG2-3112 mouse glioblastoma cells,increased sensitivity to gliocidin and subsequently glioblastoma cell death,0,0.07557751687204951,0.05220790407510415
Eif3m,NG2-3112 mouse glioblastoma cells,decreased sensitivity to gliocidin and subsequently glioblastoma cell survival,1,0.9711309925883042,0.9741013430937355
Mphosph6,NG2-3112 mouse glioblastoma cells,increased sensitivity to gliocidin and subsequently glioblastoma cell death,0,0.059237913673731164,0.03743982771786764
Caap1,NG2-3112 mouse glioblastoma cells,increased sensitivity to gliocidin and subsequently glioblastoma cell death,0,0.06982273048430285,0.059867773570677664
Pwp2,NG2-3112 mouse glioblastoma cells,decreased sensitivity to gliocidin and subsequently glioblastoma cell survival,1,0.9312449852984926,0.9525071288147825
Pa2g4,NG2-3112 mouse glioblastoma cells,decreased sensitivity to gliocidin and subsequently glioblastoma cell survival,1,0.9558231730846011,0.9418644814499797
Tbca,NG2-3112 mouse glioblastoma cells,decreased sensitivity to gliocidin and subsequently glioblastoma cell survival,1,0.9345921776426235,0.9459304071846912
Wdr74,NG2-3112 mouse glioblastoma cells,decreased sensitivity to gliocidin and subsequently glioblastoma cell survival,1,0.8686759870064799,0.9290543665306016
Rps27a,NG2-3112 mouse glioblastoma cells,decreased sensitivity to gliocidin and subsequently glioblastoma cell survival,1,0.981211206002632,0.971678211648165
Shf,NG2-3112 mouse glioblastoma cells,increased sensitivity to gliocidin and subsequently glioblastoma cell death,0,0.15780639606482055,0.15933681140296613
Cstf3,NG2-3112 mouse glioblastoma cells,increased sensitivity to gliocidin and subsequently glioblastoma cell death,0,0.0904919997836765,0.08279575128042158
Rps12,NG2-3112 mouse glioblastoma cells,decreased sensitivity to gliocidin and subsequently glioblastoma cell survival,1,0.9812396707155034,0.9791480125605351
Thap1,NG2-3112 mouse glioblastoma cells,decreased sensitivity to gliocidin and subsequently glioblastoma cell survival,1,0.9216137902235255,0.9432266051368439
Vrk1,NG2-3112 mouse glioblastoma cells,increased sensitivity to gliocidin and subsequently glioblastoma cell death,0,0.05887585205626931,0.10190623393576762
Atp6v0b,NG2-3112 mouse glioblastoma cells,decreased sensitivity to gliocidin and subsequently glioblastoma cell survival,1,0.9279399814153793,0.9509617739306089
Eef1g,NG2-3112 mouse glioblastoma cells,decreased sensitivity to gliocidin and subsequently glioblastoma cell survival,1,0.9512973138348023,0.9640591630337162
Pbrm1,NG2-3112 mouse glioblastoma cells,decreased sensitivity to gliocidin and subsequently glioblastoma cell survival,1,0.8900637942117602,0.9326399089325328
Rbm27,NG2-3112 mouse glioblastoma cells,decreased sensitivity to gliocidin and subsequently glioblastoma cell survival,1,0.9512460745398452,0.9613219465654603
Toe1,NG2-3112 mouse glioblastoma cells,increased sensitivity to gliocidin and subsequently glioblastoma cell death,0,0.14111426569682664,0.08278586747888445
Trim34b,NG2-3112 mouse glioblastoma cells,increased sensitivity to gliocidin and subsequently glioblastoma cell death,0,0.12149475944358658,0.10660244514320243
Nop2,NG2-3112 mouse glioblastoma cells,increased sensitivity to gliocidin and subsequently glioblastoma cell death,0,0.0886201868548779,0.05787172850712311
Cep55,NG2-3112 mouse glioblastoma cells,increased sensitivity to gliocidin and subsequently glioblastoma cell death,0,0.0727848543515452,0.07761462050035159
Rabggta,NG2-3112 mouse glioblastoma cells,increased sensitivity to gliocidin and subsequently glioblastoma cell death,0,0.06891790950102426,0.05293986434816651
Meaf6,NG2-3112 mouse glioblastoma cells,decreased sensitivity to gliocidin and subsequently glioblastoma cell survival,0,0.8991874609650526,0.952428061510781
Ect2,NG2-3112 mouse glioblastoma cells,decreased sensitivity to gliocidin and subsequently glioblastoma cell survival,1,0.958993948219064,0.9391252763687694
Wdr48,NG2-3112 mouse glioblastoma cells,decreased sensitivity to gliocidin and subsequently glioblastoma cell survival,1,0.8962436954279505,0.9240040004320234
Rps29,NG2-3112 mouse glioblastoma cells,decreased sensitivity to gliocidin and subsequently glioblastoma cell survival,1,0.9796091918821399,0.9754181901854813
Leo1,NG2-3112 mouse glioblastoma cells,decreased sensitivity to gliocidin and subsequently glioblastoma cell survival,1,0.8353111679778439,0.9019682833106463
Eif3g,NG2-3112 mouse glioblastoma cells,increased sensitivity to gliocidin and subsequently glioblastoma cell death,0,0.039482875142080334,0.03227542658020603
Ddx49,NG2-3112 mouse glioblastoma cells,decreased sensitivity to gliocidin and subsequently glioblastoma cell survival,1,0.8917188022884034,0.9318910698952394
Slc25a26,NG2-3112 mouse glioblastoma cells,decreased sensitivity to gliocidin and subsequently glioblastoma cell survival,1,0.918317667393619,0.8820034942476629
Cryzl1,NG2-3112 mouse glioblastoma cells,increased sensitivity to gliocidin and subsequently glioblastoma cell death,0,0.15267195224212932,0.08748230710834286
Wbp4,NG2-3112 mouse glioblastoma cells,increased sensitivity to gliocidin and subsequently glioblastoma cell death,1,0.0831723337869572,0.05288341359174546
Cmtr2,NG2-3112 mouse glioblastoma cells,increased sensitivity to gliocidin and subsequently glioblastoma cell death,0,0.058494168969455446,0.04880890368421112
Slbp,NG2-3112 mouse glioblastoma cells,increased sensitivity to gliocidin and subsequently glioblastoma cell death,0,0.10338549896499176,0.06802036283620091
Dnmt1,NG2-3112 mouse glioblastoma cells,decreased sensitivity to gliocidin and subsequently glioblastoma cell survival,1,0.9593522187900725,0.9231930267005164
Ddx21,NG2-3112 mouse glioblastoma cells,decreased sensitivity to gliocidin and subsequently glioblastoma cell survival,1,0.9212825416569658,0.9536431547812443
Dmap1,NG2-3112 mouse glioblastoma cells,decreased sensitivity to gliocidin and subsequently glioblastoma cell survival,1,0.912291683846404,0.8584651160394935
Cpsf1,NG2-3112 mouse glioblastoma cells,increased sensitivity to gliocidin and subsequently glioblastoma cell death,0,0.04928766136580321,0.11725414972279101
Actr10,NG2-3112 mouse glioblastoma cells,decreased sensitivity to gliocidin and subsequently glioblastoma cell survival,1,0.9266795485834914,0.937735150077373
Pacsin1,NG2-3112 mouse glioblastoma cells,decreased sensitivity to gliocidin and subsequently glioblastoma cell survival,1,0.901663110901216,0.9072953350419324
Mbip,NG2-3112 mouse glioblastoma cells,increased sensitivity to gliocidin and subsequently glioblastoma cell death,0,0.1451678671061181,0.10642250242759266
Ddx47,NG2-3112 mouse glioblastoma cells,decreased sensitivity to gliocidin and subsequently glioblastoma cell survival,1,0.9502605791293636,0.9554104859893499
Nat10,NG2-3112 mouse glioblastoma cells,decreased sensitivity to gliocidin and subsequently glioblastoma cell survival,1,0.9491268290620074,0.9476348975186946
Mrpl19,NG2-3112 mouse glioblastoma cells,increased sensitivity to gliocidin and subsequently glioblastoma cell death,0,0.04881913964886198,0.030831966525874076
Scd2,NG2-3112 mouse glioblastoma cells,decreased sensitivity to gliocidin and subsequently glioblastoma cell survival,1,0.9312126672301198,0.9230123170843446
Pgk1,NG2-3112 mouse glioblastoma cells,decreased sensitivity to gliocidin and subsequently glioblastoma cell survival,1,0.936282335427834,0.9596036183508677
Zdhhc16,NG2-3112 mouse glioblastoma cells,decreased sensitivity to gliocidin and subsequently glioblastoma cell survival,1,0.8692247979570621,0.8717180458955107
Dhrs7b,NG2-3112 mouse glioblastoma cells,increased sensitivity to gliocidin and subsequently glioblastoma cell death,0,0.0668222699864567,0.05650246267843171
Dph6,NG2-3112 mouse glioblastoma cells,decreased sensitivity to gliocidin and subsequently glioblastoma cell survival,1,0.9600687305569654,0.9702324720194164
Usp36,NG2-3112 mouse glioblastoma cells,increased sensitivity to gliocidin and subsequently glioblastoma cell death,0,0.13765840407820662,0.10594217909028403
Tspyl1,NG2-3112 mouse glioblastoma cells,increased sensitivity to gliocidin and subsequently glioblastoma cell death,0,0.10889152308374284,0.08314511161362373
Birc6,NG2-3112 mouse glioblastoma cells,increased sensitivity to gliocidin and subsequently glioblastoma cell death,1,0.10267166686051117,0.07030303774094979
Eif3g,NG2-3112 mouse glioblastoma cells,decreased sensitivity to gliocidin and subsequently glioblastoma cell survival,1,0.9510557462451456,0.968561805867821
Rrp15,NG2-3112 mouse glioblastoma cells,increased sensitivity to gliocidin and subsequently glioblastoma cell death,0,0.07160774346737803,0.04042956838829821
Kti12,NG2-3112 mouse glioblastoma cells,decreased sensitivity to gliocidin and subsequently glioblastoma cell survival,1,0.9104862963178141,0.9483815586519903
Polr3h,NG2-3112 mouse glioblastoma cells,decreased sensitivity to gliocidin and subsequently glioblastoma cell survival,1,0.9608092436700847,0.9650629698435612
Seh1l,NG2-3112 mouse glioblastoma cells,decreased sensitivity to gliocidin and subsequently glioblastoma cell survival,1,0.8913003893706726,0.896542221281989
Scd3,NG2-3112 mouse glioblastoma cells,increased sensitivity to gliocidin and subsequently glioblastoma cell death,0,0.08985441899257633,0.06682709573524116
Pwp1,NG2-3112 mouse glioblastoma cells,decreased sensitivity to gliocidin and subsequently glioblastoma cell survival,1,0.9112137948087689,0.9490756452099541
Kctd4,NG2-3112 mouse glioblastoma cells,increased sensitivity to gliocidin and subsequently glioblastoma cell death,0,0.04073853566840008,0.05184159405131109
Dhx16,NG2-3112 mouse glioblastoma cells,decreased sensitivity to gliocidin and subsequently glioblastoma cell survival,1,0.8823945901472489,0.9418008298148636
Mrpl3,NG2-3112 mouse glioblastoma cells,decreased sensitivity to gliocidin and subsequently glioblastoma cell survival,1,0.9889065571281844,0.9816430581991411
Nprl3,NG2-3112 mouse glioblastoma cells,decreased sensitivity to gliocidin and subsequently glioblastoma cell survival,0,0.8897339602165144,0.9405500315753595
Birc6,NG2-3112 mouse glioblastoma cells,decreased sensitivity to gliocidin and subsequently glioblastoma cell survival,0,0.9072215000815494,0.9062780422460555
Ufc1,NG2-3112 mouse glioblastoma cells,increased sensitivity to gliocidin and subsequently glioblastoma cell death,0,0.11863858116523271,0.06986805755765031
Pa2g4,NG2-3112 mouse glioblastoma cells,increased sensitivity to gliocidin and subsequently glioblastoma cell death,0,0.11708869446669609,0.06630632563760003
Pabpc1,NG2-3112 mouse glioblastoma cells,decreased sensitivity to gliocidin and subsequently glioblastoma cell survival,1,0.8983502271824,0.9458513285372453
Nsun4,NG2-3112 mouse glioblastoma cells,decreased sensitivity to gliocidin and subsequently glioblastoma cell survival,1,0.9116139880580006,0.924867144503222
Uba5,NG2-3112 mouse glioblastoma cells,increased sensitivity to gliocidin and subsequently glioblastoma cell death,0,0.1720342312921871,0.10116943066460324
Dkc1,NG2-3112 mouse glioblastoma cells,decreased sensitivity to gliocidin and subsequently glioblastoma cell survival,1,0.9571169377961725,0.9660180021880123
Alas1,NG2-3112 mouse glioblastoma cells,decreased sensitivity to gliocidin and subsequently glioblastoma cell survival,1,0.9514479315714668,0.9623128711388714
Pgd,NG2-3112 mouse glioblastoma cells,increased sensitivity to gliocidin and subsequently glioblastoma cell death,0,0.08004975472342522,0.06318700751856965
Trim34b,NG2-3112 mouse glioblastoma cells,decreased sensitivity to gliocidin and subsequently glioblastoma cell survival,1,0.8940272491955683,0.9061716419834214
Nckap1,NG2-3112 mouse glioblastoma cells,decreased sensitivity to gliocidin and subsequently glioblastoma cell survival,1,0.9211504231432339,0.9395642278920843
Exosc10,NG2-3112 mouse glioblastoma cells,increased sensitivity to gliocidin and subsequently glioblastoma cell death,0,0.02930601580109278,0.02826821290074157
Eif3h,NG2-3112 mouse glioblastoma cells,increased sensitivity to gliocidin and subsequently glioblastoma cell death,0,0.10861262109332241,0.06096251572194611
Phb2,NG2-3112 mouse glioblastoma cells,decreased sensitivity to gliocidin and subsequently glioblastoma cell survival,1,0.9198169978767525,0.9529448540955011
Sel1l,NG2-3112 mouse glioblastoma cells,decreased sensitivity to gliocidin and subsequently glioblastoma cell survival,1,0.9004752551918515,0.9356528420733466
Itgb1,NG2-3112 mouse glioblastoma cells,decreased sensitivity to gliocidin and subsequently glioblastoma cell survival,1,0.8700970089607458,0.9198614894190751
Donson,NG2-3112 mouse glioblastoma cells,decreased sensitivity to gliocidin and subsequently glioblastoma cell survival,1,0.8307138461882243,0.9145016961475119
Zfp628,NG2-3112 mouse glioblastoma cells,decreased sensitivity to gliocidin and subsequently glioblastoma cell survival,1,0.9217493763572697,0.922484286551523
Elp2,NG2-3112 mouse glioblastoma cells,increased sensitivity to gliocidin and subsequently glioblastoma cell death,0,0.09986896341842502,0.05450601657087126
Xrn2,NG2-3112 mouse glioblastoma cells,decreased sensitivity to gliocidin and subsequently glioblastoma cell survival,1,0.9066378457389968,0.9325570708342921
Sufu,3LL Lewis lung carcinoma cells,decreased resistance to PD1 blockade and lung carcinoma cell death,0,0.19886556559989516,0.17360663683325436
Dennd6a,NG2-3112 mouse glioblastoma cells,decreased sensitivity to gliocidin and subsequently glioblastoma cell survival,1,0.8716782371067409,0.9236879738762915
Scd3,NG2-3112 mouse glioblastoma cells,decreased sensitivity to gliocidin and subsequently glioblastoma cell survival,1,0.9308362555109956,0.9247992107255774
Gtpbp4,NG2-3112 mouse glioblastoma cells,increased sensitivity to gliocidin and subsequently glioblastoma cell death,0,0.10900454005295987,0.07521427166359007
Lrrc69,NG2-3112 mouse glioblastoma cells,decreased sensitivity to gliocidin and subsequently glioblastoma cell survival,1,0.9401777433304638,0.9579780932079951
Tefm,NG2-3112 mouse glioblastoma cells,increased sensitivity to gliocidin and subsequently glioblastoma cell death,0,0.08056742461889695,0.05046781114926077
Emg1,NG2-3112 mouse glioblastoma cells,increased sensitivity to gliocidin and subsequently glioblastoma cell death,0,0.04925679569534291,0.03573927833243685
Mrpl17,NG2-3112 mouse glioblastoma cells,increased sensitivity to gliocidin and subsequently glioblastoma cell death,0,0.009904498429972802,0.01576604161159397
Mkln1,NG2-3112 mouse glioblastoma cells,increased sensitivity to gliocidin and subsequently glioblastoma cell death,0,0.05983518136563295,0.04662609061996688
Slc25a32,NG2-3112 mouse glioblastoma cells,decreased sensitivity to gliocidin and subsequently glioblastoma cell survival,1,0.9408689246833596,0.963500528161501
Lsm1,NG2-3112 mouse glioblastoma cells,decreased sensitivity to gliocidin and subsequently glioblastoma cell survival,0,0.9701269305666114,0.9677117952105385
Ostc,NG2-3112 mouse glioblastoma cells,increased sensitivity to gliocidin and subsequently glioblastoma cell death,0,0.1386877061522604,0.19416165726312198
Gid8,NG2-3112 mouse glioblastoma cells,decreased sensitivity to gliocidin and subsequently glioblastoma cell survival,0,0.8527862078303353,0.9157853182987287
Rfk,NG2-3112 mouse glioblastoma cells,decreased sensitivity to gliocidin and subsequently glioblastoma cell survival,1,0.8597591653936192,0.9079222294072133
Pdcd10,NG2-3112 mouse glioblastoma cells,decreased sensitivity to gliocidin and subsequently glioblastoma cell survival,1,0.9808377815648632,0.967185298185675
Ep300,NG2-3112 mouse glioblastoma cells,decreased sensitivity to gliocidin and subsequently glioblastoma cell survival,1,0.9112989330738729,0.9288106720394237
Fau,NG2-3112 mouse glioblastoma cells,increased sensitivity to gliocidin and subsequently glioblastoma cell death,0,0.1534505152974187,0.10889728886258726
Sdhc,NG2-3112 mouse glioblastoma cells,decreased sensitivity to gliocidin and subsequently glioblastoma cell survival,1,0.894823999443173,0.9440273655270164
Bap1,NG2-3112 mouse glioblastoma cells,increased sensitivity to gliocidin and subsequently glioblastoma cell death,0,0.040501695722872134,0.04019551780152801
Nars2,NG2-3112 mouse glioblastoma cells,decreased sensitivity to gliocidin and subsequently glioblastoma cell survival,1,0.9323340007940153,0.9534674573682267
Ten1,NG2-3112 mouse glioblastoma cells,increased sensitivity to gliocidin and subsequently glioblastoma cell death,0,0.09830061299863044,0.05944239880478665
Ap2s1,NG2-3112 mouse glioblastoma cells,decreased sensitivity to gliocidin and subsequently glioblastoma cell survival,1,0.8546991315066346,0.8929107435755657
Btaf1,NG2-3112 mouse glioblastoma cells,decreased sensitivity to gliocidin and subsequently glioblastoma cell survival,1,0.9256628171594614,0.9458335871674047
Dhx33,NG2-3112 mouse glioblastoma cells,decreased sensitivity to gliocidin and subsequently glioblastoma cell survival,1,0.969537613711781,0.9686316553923057
Nmnat2,NG2-3112 mouse glioblastoma cells,increased sensitivity to gliocidin and subsequently glioblastoma cell death,0,0.08390167683268263,0.05809334526034714
Ctcf,NG2-3112 mouse glioblastoma cells,increased sensitivity to gliocidin and subsequently glioblastoma cell death,0,0.17730166794011556,0.11138781901985874
Krtap10-4,NG2-3112 mouse glioblastoma cells,decreased sensitivity to gliocidin and subsequently glioblastoma cell survival,1,0.9410054470587141,0.9325623382553734
Ttc39d,NG2-3112 mouse glioblastoma cells,increased sensitivity to gliocidin and subsequently glioblastoma cell death,1,0.0388808645486366,0.030031686580467683
Rps23,NG2-3112 mouse glioblastoma cells,decreased sensitivity to gliocidin and subsequently glioblastoma cell survival,1,0.9695130038806812,0.971271116145926
Sel1l,NG2-3112 mouse glioblastoma cells,increased sensitivity to gliocidin and subsequently glioblastoma cell death,0,0.12542810237603783,0.08353811325218238
Bend3,NG2-3112 mouse glioblastoma cells,increased sensitivity to gliocidin and subsequently glioblastoma cell death,0,0.1290479515428048,0.07804341521851743
Stk11,3LL Lewis lung carcinoma cells,decreased resistance to PD1 blockade and lung carcinoma cell death,0,0.1333593589243665,0.1102160737818603
Tbp,NG2-3112 mouse glioblastoma cells,decreased sensitivity to gliocidin and subsequently glioblastoma cell survival,1,0.9196479120563616,0.9390137075524936
Taf1c,NG2-3112 mouse glioblastoma cells,increased sensitivity to gliocidin and subsequently glioblastoma cell death,0,0.08880778744742328,0.04738213039623707
Lig3,NG2-3112 mouse glioblastoma cells,decreased sensitivity to gliocidin and subsequently glioblastoma cell survival,1,0.8813990596506894,0.8984861929203646
Cad,NG2-3112 mouse glioblastoma cells,increased sensitivity to gliocidin and subsequently glioblastoma cell death,0,0.1861192501609756,0.13893493872535073
Srsf11,NG2-3112 mouse glioblastoma cells,increased sensitivity to gliocidin and subsequently glioblastoma cell death,0,0.031262923060413846,0.04047347250263833
Riok1,NG2-3112 mouse glioblastoma cells,decreased sensitivity to gliocidin and subsequently glioblastoma cell survival,1,0.9267759977214002,0.9465380409385273
Pdss1,NG2-3112 mouse glioblastoma cells,increased sensitivity to gliocidin and subsequently glioblastoma cell death,0,0.020043224996055292,0.022228040681104372
Ddx54,NG2-3112 mouse glioblastoma cells,decreased sensitivity to gliocidin and subsequently glioblastoma cell survival,1,0.9273496816682857,0.94860617360275
Vhl,NG2-3112 mouse glioblastoma cells,increased sensitivity to gliocidin and subsequently glioblastoma cell death,0,0.10861430290587075,0.09899699402545922
Hnrnpab,NG2-3112 mouse glioblastoma cells,increased sensitivity to gliocidin and subsequently glioblastoma cell death,0,0.06037629659656925,0.0347924486427389
Emg1,NG2-3112 mouse glioblastoma cells,decreased sensitivity to gliocidin and subsequently glioblastoma cell survival,1,0.9507630950040397,0.9643987388129917
Sec13,NG2-3112 mouse glioblastoma cells,increased sensitivity to gliocidin and subsequently glioblastoma cell death,0,0.11784101723167607,0.34412794047861023
Rrp36,NG2-3112 mouse glioblastoma cells,increased sensitivity to gliocidin and subsequently glioblastoma cell death,0,0.06950575807705071,0.04072593047841107
Supt4a,NG2-3112 mouse glioblastoma cells,increased sensitivity to gliocidin and subsequently glioblastoma cell death,0,0.11919875114624043,0.06493199033964733
Rpp38,NG2-3112 mouse glioblastoma cells,increased sensitivity to gliocidin and subsequently glioblastoma cell death,0,0.010573202476964916,0.02523338692172349
Afdn,3LL Lewis lung carcinoma cells,increased resistance to PD1 blockade and lung carcinoma cell survival,1,0.8882965886192021,0.8984101142859684
Timm10,NG2-3112 mouse glioblastoma cells,decreased sensitivity to gliocidin and subsequently glioblastoma cell survival,1,0.9188773464539669,0.9507652333179716
Vrk1,NG2-3112 mouse glioblastoma cells,decreased sensitivity to gliocidin and subsequently glioblastoma cell survival,1,0.9411550587527842,0.945373355101318
Kctd4,NG2-3112 mouse glioblastoma cells,decreased sensitivity to gliocidin and subsequently glioblastoma cell survival,1,0.9422806626936422,0.9190295140886638
Wdr26,NG2-3112 mouse glioblastoma cells,increased sensitivity to gliocidin and subsequently glioblastoma cell death,1,0.04455830956533092,0.039396044294245675
Rps17,NG2-3112 mouse glioblastoma cells,decreased sensitivity to gliocidin and subsequently glioblastoma cell survival,1,0.9699023918752724,0.971390306915607
Fads2,NG2-3112 mouse glioblastoma cells,increased sensitivity to gliocidin and subsequently glioblastoma cell death,0,0.07861643336424867,0.06420700311097409
Hmbs,NG2-3112 mouse glioblastoma cells,increased sensitivity to gliocidin and subsequently glioblastoma cell death,0,0.05863680788827339,0.049150251056229007
Mtg2,NG2-3112 mouse glioblastoma cells,decreased sensitivity to gliocidin and subsequently glioblastoma cell survival,1,0.9579072879357028,0.96782368498374
Usp19,NG2-3112 mouse glioblastoma cells,increased sensitivity to gliocidin and subsequently glioblastoma cell death,1,0.16761907709101997,0.12793298973948425
Ppp6c,NG2-3112 mouse glioblastoma cells,decreased sensitivity to gliocidin and subsequently glioblastoma cell survival,1,0.9265458982087549,0.9251482643702261
Mak16,NG2-3112 mouse glioblastoma cells,decreased sensitivity to gliocidin and subsequently glioblastoma cell survival,1,0.8906574286584065,0.9164035604800722
Rictor,NG2-3112 mouse glioblastoma cells,decreased sensitivity to gliocidin and subsequently glioblastoma cell survival,1,0.8861051288793171,0.9272026063287023
Phf21a,NG2-3112 mouse glioblastoma cells,increased sensitivity to gliocidin and subsequently glioblastoma cell death,0,0.05935610133991153,0.055999841134996384
Rrp9,NG2-3112 mouse glioblastoma cells,decreased sensitivity to gliocidin and subsequently glioblastoma cell survival,1,0.9414169264187925,0.9619271713306498
Eif4e,NG2-3112 mouse glioblastoma cells,decreased sensitivity to gliocidin and subsequently glioblastoma cell survival,1,0.9507608751853938,0.9609685020639974
Rrp1,NG2-3112 mouse glioblastoma cells,decreased sensitivity to gliocidin and subsequently glioblastoma cell survival,1,0.9406880280936332,0.9660709427930159
Sin3a,NG2-3112 mouse glioblastoma cells,decreased sensitivity to gliocidin and subsequently glioblastoma cell survival,1,0.8549344785003566,0.9039578255070743
H2-K1,3LL Lewis lung carcinoma cells,increased resistance to PD1 blockade and lung carcinoma cell survival,1,0.8904274979853427,0.9066957479593699
Manf,NG2-3112 mouse glioblastoma cells,increased sensitivity to gliocidin and subsequently glioblastoma cell death,0,0.1876462110833675,0.09673858112156368
Mrap,NG2-3112 mouse glioblastoma cells,increased sensitivity to gliocidin and subsequently glioblastoma cell death,0,0.06445030749940597,0.05351515549529947
Bex6,NG2-3112 mouse glioblastoma cells,decreased sensitivity to gliocidin and subsequently glioblastoma cell survival,1,0.836856021336816,0.9185596449710847
Morf4l2,NG2-3112 mouse glioblastoma cells,increased sensitivity to gliocidin and subsequently glioblastoma cell death,0,0.22290644380786645,0.12174381471421347
Lars2,NG2-3112 mouse glioblastoma cells,decreased sensitivity to gliocidin and subsequently glioblastoma cell survival,1,0.9215583968453379,0.9583130499074062
Zbtb17,NG2-3112 mouse glioblastoma cells,increased sensitivity to gliocidin and subsequently glioblastoma cell death,0,0.08913708084744273,0.09195246217955808
Tiprl,NG2-3112 mouse glioblastoma cells,increased sensitivity to gliocidin and subsequently glioblastoma cell death,0,0.08577947993892197,0.07085800419376984
Spc24,NG2-3112 mouse glioblastoma cells,increased sensitivity to gliocidin and subsequently glioblastoma cell death,0,0.050648935678797365,0.042778146956602106
Nelfb,NG2-3112 mouse glioblastoma cells,decreased sensitivity to gliocidin and subsequently glioblastoma cell survival,1,0.8821645846746489,0.9249958464324978
Psmb2,NG2-3112 mouse glioblastoma cells,increased sensitivity to gliocidin and subsequently glioblastoma cell death,0,0.08559955412206699,0.05864480643111126
Rrm2,NG2-3112 mouse glioblastoma cells,decreased sensitivity to gliocidin and subsequently glioblastoma cell survival,0,0.9393937297938539,0.904824337913453
Top1,3LL Lewis lung carcinoma cells,decreased resistance to PD1 blockade and lung carcinoma cell death,0,0.09896089609845445,0.07356753918853554
Timm13,NG2-3112 mouse glioblastoma cells,decreased sensitivity to gliocidin and subsequently glioblastoma cell survival,1,0.89580419203404,0.943879817958641
Ndufs2,NG2-3112 mouse glioblastoma cells,increased sensitivity to gliocidin and subsequently glioblastoma cell death,0,0.045350442302955464,0.04229959237381701
Cenpp,NG2-3112 mouse glioblastoma cells,increased sensitivity to gliocidin and subsequently glioblastoma cell death,0,0.06958453894323278,0.06001134030987407
Tsr1,NG2-3112 mouse glioblastoma cells,decreased sensitivity to gliocidin and subsequently glioblastoma cell survival,1,0.9465167866472821,0.9670049189932622
Rps3,NG2-3112 mouse glioblastoma cells,decreased sensitivity to gliocidin and subsequently glioblastoma cell survival,1,0.9788403560240116,0.9768042164974005
Timm10,NG2-3112 mouse glioblastoma cells,increased sensitivity to gliocidin and subsequently glioblastoma cell death,0,0.04005949787836422,0.04135846579452832
